[
  {
    "key": "Overall for store 10",
    "values": [
      { 
        "label" : "Store 1" ,
        "value" : [ 204486748.00 , 127.51 , 4 , 0.15 , 4 , 1.5]
      } , 
      { 
        "label" : "Store 4" , 
        "value" : [716502602.00 , 1713.05 , 30 , 1.235 , 30 , 8.4]
      } , 
      { 
        "label" : "store 5" ,
        "value" : [ 1194189955.00 , 1763.96 , 44 , 2.28 , 44 , 12.45]
      } ,
      { 
        "label" : "store 3" , 
        "value" : [ 123450974.00 , 2153.56 , 9 , 0.395 , 9 , 0.75]
      } , 
      { 
        "label" : "store 6" , 
        "value" : [ 1071169435.00 , 2982.53 , 43 , 2.59 , 43 , 12.85]
      } 
      
    ]
  }
]