[
  {
    "key": "Overall for store 10",
    "values": [
      { 
        "label" : "Store 1" ,
        "value" : [ 204486748.00 , 127.51 , 4 , 0.15 , 4 , 1.5]
      } , 
      { 
        "label" : "Store 2" , 
        "value" : [1072230500.00 , 3324.84 , 27 , 0.94 , 27 , 8.35]
      } , 
      { 
        "label" : "store 3" , 
        "value" : [ 123450974.00 , 2153.56 , 9 , 0.395 , 9 , 0.75]
      } , 
      { 
        "label" : "Store 4" , 
        "value" : [716502602.00 , 1713.05 , 30 , 1.235 , 30 , 8.4]
      } , 
      { 
        "label" : "store 5" ,
        "value" : [ 1194189955.00 , 1763.96 , 44 , 2.28 , 44 , 12.45]
      } , 
      { 
        "label" : "store 6" , 
        "value" : [ 1071169435.00 , 2982.53 , 43 , 2.59 , 43 , 12.85]
      } , 
      { 
        "label" : "store 7" , 
        "value" : [ 2255512241.00 , 4789.66 , 74 , 3.935 , 74 , 24.15]
      } , 
      { 
        "label" : "store 8" , 
        "value" : [ 2622617578.00 , 9125.65 , 97 , 4.925 , 97 , 26.3]
      },
      { 
        "label" : "store 9" , 
        "value" : [ 3205087600.00 , 8165.09 , 129 , 6.74 , 129 , 36.4]
      },
      { 
        "label" : "store 10" , 
        "value" : [ 5027289939.00 , 20756.6 , 192 , 10.745 , 192 , 61.6]
      }
    ]
  }
]