[
  {
    "key": "top 5 according to item_price",
    "values": [
      { 
        "label" : "store 10" , 
        "value" : [ 5027289939.00 , 20756.6 , 192 , 10.745 , 192 , 61.6]
      },
      { 
        "label" : "store 8" , 
        "value" : [ 2622617578.00 , 9125.65 , 97 , 4.925 , 97 , 26.3]
      },
      { 
        "label" : "store 9" , 
        "value" : [ 3205087600.00 , 8165.09 , 129 , 6.74 , 129 , 36.4]
      },
      { 
        "label" : "store 7" , 
        "value" : [ 2255512241.00 , 4789.66 , 74 , 3.935 , 74 , 24.15]
      },
      { 
        "label" : "Store 2" , 
        "value" : [1072230500.00 , 3324.84 , 27 , 0.94 , 27 , 8.35]
      }
    ]
  }
]